Parameter,N_Train,N_Test,R2_Train,RMSE_Train,R2_Test,RMSE_Test,Overfit_Gap
Total Alkalinity,6523,2796,0.9395089493129947,18.286346100731475,0.8244266256676531,31.62308221781292,0.1151
Electrical Conductance,6523,2796,0.9513057646484347,75.47151194437747,0.8366468949795154,138.10190416350463,0.1147
Dissolved Reactive Phosphorus,6523,2796,0.8799121128304941,17.621161587943465,0.664374882754659,29.703086089616075,0.2155
